ISO3,country
ABW,Aruba
AFG,Afghanistan
AGO,Angola
ALB,Albania
ARE,United Arab Emirates
ARG,Argentina
ARM,Armenia
AUS,Australia
AUT,Austria
AZE,Azerbaijan
BDI,Burundi
BEL,Belgium
BEN,Benin
BFA,Burkina Faso
BGD,Bangladesh
BGR,Bulgaria
BHR,Bahrain
BHS,Bahamas
BIH,Bosnia and Herzegovina
BLR,Belarus
BLZ,Belize
BOL,Bolivia
BRA,Brazil
BRB,Barbados
BRN,Brunei
BTN,Bhutan
BWA,Botswana
CAF,Central African Republic
CAN,Canada
CHE,Switzerland
CHL,Chile
CHN,China
CIV,Côte d'Ivoire
CMR,Cameroon
COD,"Congo, the Democratic Republic of the"
COG,Congo
COL,Colombia
COM,Comoros
CPV,Cape Verde
CRI,Costa Rica
CUB,Cuba
CYP,Cyprus
CZE,Czech Republic
DEU,Germany
DJI,Djibouti
DNK,Denmark
DOM,Dominican Republic
DZA,Algeria
ECU,Ecuador
EGY,Egypt
ERI,Eritrea
ESP,Spain
EST,Estonia
ETH,Ethiopia
FIN,Finland
FJI,Fiji
FRA,France
GAB,Gabon
GBR,United Kingdom
GEO,Georgia
GHA,Ghana
GIN,Guinea
GMB,Gambia
GNB,Guinea-Bissau
GNQ,Equatorial Guinea
GRC,Greece
GTM,Guatemala
GUY,Guyana
HKG,Hong Kong
HND,Honduras
HRV,Croatia
HTI,Haiti
HUN,Hungary
IDN,Indonesia
IND,India
IRL,Ireland
IRN,"Iran, Islamic Republic of"
IRQ,Iraq
ISL,Iceland
ISR,Israel
ITA,Italy
JAM,Jamaica
JOR,Jordan
JPN,Japan
KAZ,Kazakhstan
KEN,Kenya
KGZ,Kyrgyzstan
KHM,Cambodia
KOR,"Korea, Republic of"
KWT,Kuwait
LAO,Lao People's Democratic Republic
LBN,Lebanon
LBR,Liberia
LBY,Libya
LCA,Saint Lucia
LKA,Sri Lanka
LSO,Lesotho
LTU,Lithuania
LUX,Luxembourg
LVA,Latvia
MAC,Macao
MAR,Morocco
MDA,"Moldova, Republic of"
MDG,Madagascar
MDV,Maldives
MEX,Mexico
MKD,"Macedonia, the former Yugoslav Republic of"
MLI,Mali
MLT,Malta
MMR,Burma
MNE,Montenegro
MNG,Mongolia
MOZ,Mozambique
MRT,Mauritania
MUS,Mauritius
MWI,Malawi
MYS,Malaysia
NAM,Namibia
NCL,New Caledonia
NER,Niger
NGA,Nigeria
NIC,Nicaragua
NLD,Netherlands
NOR,Norway
NPL,Nepal
NZL,New Zealand
OMN,Oman
PAK,Pakistan
PAN,Panama
PER,Peru
PHL,Philippines
PNG,Papua New Guinea
POL,Poland
PRI,Puerto Rico
PRT,Portugal
PRY,Paraguay
PSE,"Palestinian Territory, Occupied"
PYF,French Polynesia
QAT,Qatar
ROU,Romania
RUS,Russia
RWA,Rwanda
SAU,Saudi Arabia
SDN,Sudan
SEN,Senegal
SGP,Singapore
SLB,Solomon Islands
SLE,Sierra Leone
SLV,El Salvador
SOM,Somalia
SRB,Serbia
STP,Sao Tome and Principe
SUR,Suriname
SVK,Slovakia
SVN,Slovenia
SWE,Sweden
SWZ,Swaziland
SYR,Syrian Arab Republic
TCD,Chad
TGO,Togo
THA,Thailand
TJK,Tajikistan
TKM,Turkmenistan
TLS,Timor-Leste
TON,Tonga
TTO,Trinidad and Tobago
TUN,Tunisia
TUR,Turkey
TWN,Taiwan
TZA,"Tanzania, United Republic of"
UGA,Uganda
UKR,Ukraine
URY,Uruguay
USA,United States
UZB,Uzbekistan
VCT,Saint Vincent & the Grenadines
VEN,Venezuela
VNM,Viet Nam
VUT,Vanuatu
WSM,Samoa
YEM,Yemen
ZAF,South Africa
ZMB,Zambia
ZWE,Zimbabwe